date,hospital,predicted_census,lower_90,upper_90
2026-08-08,GulfStar Community,112.78303707978293,99.36260559004583,126.20346856952003
2026-08-08,GulfStar Medical Center,258.76060803053207,245.34017654079497,272.18103952026917
2026-08-08,GulfStar North,155.867818944805,142.4473874550679,169.2882504345421
2026-08-09,GulfStar Community,113.73524799299935,100.31481650326225,127.15567948273645
2026-08-09,GulfStar Medical Center,263.8161259277123,250.39569443797518,277.2365574174494
2026-08-09,GulfStar North,158.41528606332028,144.99485457358318,171.83571755305738
2026-08-10,GulfStar Community,112.45592054230057,99.03548905256348,125.87635203203767
2026-08-10,GulfStar Medical Center,262.4652892154847,249.0448577257476,275.8857207052218
2026-08-10,GulfStar North,158.3929276299026,144.9724961401655,171.8133591196397
2026-08-11,GulfStar Community,112.89324140998744,99.47280992025034,126.31367289972454
2026-08-11,GulfStar Medical Center,263.9263496585792,250.50591816884213,277.3467811483163
2026-08-11,GulfStar North,156.9751915391068,143.5547600493697,170.3956230288439
2026-08-12,GulfStar Community,113.88996136171542,100.46952987197832,127.31039285145252
2026-08-12,GulfStar Medical Center,259.9430736374148,246.5226421476777,273.3635051271519
2026-08-12,GulfStar North,158.2440879450411,144.823656455304,171.66451943477819
2026-08-13,GulfStar Community,111.98647093108583,98.56603944134874,125.40690242082293
2026-08-13,GulfStar Medical Center,263.19783232109296,249.77740083135586,276.61826381083006
2026-08-13,GulfStar North,158.35014669599602,144.92971520625892,171.77057818573311
2026-08-14,GulfStar Community,112.13453302877645,98.71410153903935,125.55496451851354
2026-08-14,GulfStar Medical Center,263.44154045100083,250.02110896126374,276.86197194073793
2026-08-14,GulfStar North,156.34299859794282,142.92256710820573,169.76343008767992
2026-08-15,GulfStar Community,112.55104268741887,99.13061119768177,125.97147417715597
2026-08-15,GulfStar Medical Center,261.01790931162566,247.59747782188856,274.43834080136276
2026-08-15,GulfStar North,157.40181447536457,143.98138298562748,170.82224596510167
2026-08-16,GulfStar Community,113.05719513580658,99.63676364606948,126.47762662554368
2026-08-16,GulfStar Medical Center,261.84901280370855,248.42858131397145,275.26944429344564
2026-08-16,GulfStar North,158.5878540312903,145.1674225415532,172.0082855210274
2026-08-17,GulfStar Community,113.00368676714893,99.58325527741184,126.42411825688603
2026-08-17,GulfStar Medical Center,262.5980462930719,249.1776148033348,276.018477782809
2026-08-17,GulfStar North,158.87856549543972,145.45813400570262,172.2989969851768
2026-08-18,GulfStar Community,112.16113014397523,98.74069865423813,125.58156163371233
2026-08-18,GulfStar Medical Center,261.95430376982813,248.53387228009103,275.3747352595652
2026-08-18,GulfStar North,157.4545762274464,144.0341447377093,170.8750077171835
2026-08-19,GulfStar Community,114.09108720527529,100.67065571553819,127.51151869501238
2026-08-19,GulfStar Medical Center,260.8516799578582,247.4312484681211,274.2721114475953
2026-08-19,GulfStar North,160.03171963898416,146.61128814924706,173.45215112872125
2026-08-20,GulfStar Community,112.32851742459391,98.90808593485681,125.74894891433101
2026-08-20,GulfStar Medical Center,262.3178896174652,248.8974581277281,275.7383211072023
2026-08-20,GulfStar North,158.67754300980488,145.25711152006778,172.09797449954198
2026-08-21,GulfStar Community,111.95189468518005,98.53146319544295,125.37232617491715
2026-08-21,GulfStar Medical Center,261.98429137412404,248.56385988438694,275.40472286386114
2026-08-21,GulfStar North,157.0146076792641,143.594176189527,170.4350391690012
2026-08-22,GulfStar Community,112.66050039117314,99.24006890143605,126.08093188091024
2026-08-22,GulfStar Medical Center,261.57244665014264,248.15201516040554,274.99287813987974
2026-08-22,GulfStar North,157.50141428775632,144.08098279801922,170.92184577749342
2026-08-23,GulfStar Community,113.50326896513148,100.08283747539438,126.92370045486858
2026-08-23,GulfStar Medical Center,263.97998315322104,250.55955166348394,277.40041464295814
2026-08-23,GulfStar North,158.76005561921383,145.33962412947673,172.18048710895093
2026-08-24,GulfStar Community,112.55853913878899,99.13810764905189,125.97897062852608
2026-08-24,GulfStar Medical Center,262.94428303485967,249.52385154512257,276.36471452459676
2026-08-24,GulfStar North,158.87382510459875,145.45339361486165,172.29425659433585
2026-08-25,GulfStar Community,113.42741850518016,100.00698701544306,126.84784999491725
2026-08-25,GulfStar Medical Center,263.34931815193124,249.92888666219415,276.76974964166834
2026-08-25,GulfStar North,158.70084417859948,145.28041268886238,172.12127566833658
2026-08-26,GulfStar Community,113.63431777496676,100.21388628522966,127.05474926470386
2026-08-26,GulfStar Medical Center,260.07752299185904,246.65709150212194,273.49795448159614
2026-08-26,GulfStar North,158.10639833114465,144.68596684140755,171.52682982088174
2026-08-27,GulfStar Community,113.00578691773848,99.58535542800138,126.42621840747557
2026-08-27,GulfStar Medical Center,261.85288187398487,248.43245038424777,275.27331336372197
2026-08-27,GulfStar North,158.84307078529412,145.42263929555702,172.26350227503121
2026-08-28,GulfStar Community,112.79180517255674,99.37137368281964,126.21223666229383
2026-08-28,GulfStar Medical Center,262.7966132388812,249.3761817491441,276.2170447286183
2026-08-28,GulfStar North,157.53908561947674,144.11865412973964,170.95951710921383
2026-08-29,GulfStar Community,113.31976852579643,99.89933703605934,126.74020001553353
2026-08-29,GulfStar Medical Center,260.7012821406647,247.28085065092762,274.1217136304018
2026-08-29,GulfStar North,157.66988567541108,144.24945418567398,171.09031716514818
2026-08-30,GulfStar Community,113.61042045676554,100.18998896702844,127.03085194650264
2026-08-30,GulfStar Medical Center,262.68136029819874,249.26092880846164,276.10179178793584
2026-08-30,GulfStar North,158.35237916037482,144.93194767063773,171.77281065011192
2026-08-31,GulfStar Community,113.5520472179034,100.1316157281663,126.97247870764049
2026-08-31,GulfStar Medical Center,262.2669346873982,248.8465031976611,275.6873661771353
2026-08-31,GulfStar North,158.74021888468394,145.31978739494684,172.16065037442104
2026-09-01,GulfStar Community,113.42059042155074,100.00015893181364,126.84102191128784
2026-09-01,GulfStar Medical Center,262.4053855016545,248.9849540119174,275.8258169913916
2026-09-01,GulfStar North,157.5414409006372,144.12100941090011,170.9618723903743
2026-09-02,GulfStar Community,114.15484643372893,100.73441494399184,127.57527792346603
2026-09-02,GulfStar Medical Center,260.55880058993023,247.13836910019313,273.9792320796673
2026-09-02,GulfStar North,158.80139453403558,145.38096304429848,172.22182602377268
2026-09-03,GulfStar Community,112.89080799506324,99.47037650532614,126.31123948480034
2026-09-03,GulfStar Medical Center,263.3908644140936,249.9704329243565,276.8112959038307
2026-09-03,GulfStar North,158.06085696148088,144.64042547174378,171.48128845121798
2026-09-04,GulfStar Community,112.95146068508143,99.53102919534433,126.37189217481853
2026-09-04,GulfStar Medical Center,262.11563792457804,248.69520643484094,275.53606941431514
2026-09-04,GulfStar North,157.28844302324018,143.86801153350308,170.70887451297727
2026-09-05,GulfStar Community,113.0554643674719,99.6350328777348,126.475895857209
2026-09-05,GulfStar Medical Center,261.3580631807573,247.93763169102021,274.7784946704944
2026-09-05,GulfStar North,157.75136945662246,144.33093796688536,171.17180094635955
2026-09-06,GulfStar Community,113.79715646483247,100.37672497509537,127.21758795456957
2026-09-06,GulfStar Medical Center,262.67426237655167,249.25383088681457,276.09469386628876
2026-09-06,GulfStar North,158.73907009479663,145.31863860505953,172.15950158453373
